{
  "manifest": {
    "apis": {
      "custom": {
        "endpoint": {
          "uri": "arn:aws:lambda:us-east-1:503828073367:function:003579da-26cc-46fc-8533-a7504e85d5d0:Release_0"
        },
        "interfaces": []
      }
    },
    "manifestVersion": "1.0",
    "publishingInformation": {
      "locales": {
        "ja-JP": {
          "name": "COBOLおじさんの生活",
          "summary": "Sample Short Description",
          "description": "Sample Full Description",
          "examplePhrases": [
            "Alexa open hello world",
            "hello",
            "help"
          ],
          "keywords": []
        }
      },
      "isAvailableWorldwide": true,
      "testingInstructions": "Sample Testing Instructions.",
      "category": "KNOWLEDGE_AND_TRIVIA",
      "distributionCountries": []
    }
  }
}